commit,author,date,message,insertions,deletions,path,URLcommit
382d04dccee0f46bcf2dc2c9cea0174ca5b68f00,automatico <actions@users.noreply.github.com>,2020-11-25 05:12:53 +0000,Data-e-ora-aggiornamento-2020-11-25T05-12-53-00-00,0,1,openregio_aziendeGestione.csv,https://github.com/aborruso/firstaction/commit/382d04dccee0f46bcf2dc2c9cea0174ca5b68f00
382d04dccee0f46bcf2dc2c9cea0174ca5b68f00,automatico <actions@users.noreply.github.com>,2020-11-25 05:12:53 +0000,Data-e-ora-aggiornamento-2020-11-25T05-12-53-00-00,0,1,openregio_immobiliGestione.csv,https://github.com/aborruso/firstaction/commit/382d04dccee0f46bcf2dc2c9cea0174ca5b68f00
382d04dccee0f46bcf2dc2c9cea0174ca5b68f00,automatico <actions@users.noreply.github.com>,2020-11-25 05:12:53 +0000,Data-e-ora-aggiornamento-2020-11-25T05-12-53-00-00,1,2,openregio_procedureGestione.csv,https://github.com/aborruso/firstaction/commit/382d04dccee0f46bcf2dc2c9cea0174ca5b68f00
c98c3f72eadc0945d76afe4d029a0d6df50b0fc9,automatico <actions@users.noreply.github.com>,2020-11-24 05:12:34 +0000,Data-e-ora-aggiornamento-2020-11-24T05-12-34-00-00,2,11,openregio_immobiliGestione.csv,https://github.com/aborruso/firstaction/commit/c98c3f72eadc0945d76afe4d029a0d6df50b0fc9
c98c3f72eadc0945d76afe4d029a0d6df50b0fc9,automatico <actions@users.noreply.github.com>,2020-11-24 05:12:34 +0000,Data-e-ora-aggiornamento-2020-11-24T05-12-34-00-00,2,2,openregio_procedureGestione.csv,https://github.com/aborruso/firstaction/commit/c98c3f72eadc0945d76afe4d029a0d6df50b0fc9
722e888d9c3a6fbf842cb8b0b94613ad7e696c02,automatico <actions@users.noreply.github.com>,2020-11-20 05:11:51 +0000,Data-e-ora-aggiornamento-2020-11-20T05-11-51-00-00,7,7,openregio_aziendeGestione.csv,https://github.com/aborruso/firstaction/commit/722e888d9c3a6fbf842cb8b0b94613ad7e696c02
722e888d9c3a6fbf842cb8b0b94613ad7e696c02,automatico <actions@users.noreply.github.com>,2020-11-20 05:11:51 +0000,Data-e-ora-aggiornamento-2020-11-20T05-11-51-00-00,4,7,openregio_immobiliGestione.csv,https://github.com/aborruso/firstaction/commit/722e888d9c3a6fbf842cb8b0b94613ad7e696c02
722e888d9c3a6fbf842cb8b0b94613ad7e696c02,automatico <actions@users.noreply.github.com>,2020-11-20 05:11:51 +0000,Data-e-ora-aggiornamento-2020-11-20T05-11-51-00-00,2,2,openregio_procedureGestione.csv,https://github.com/aborruso/firstaction/commit/722e888d9c3a6fbf842cb8b0b94613ad7e696c02
700941148ba4a4d099b5332289ffcff9ea380876,automatico <actions@users.noreply.github.com>,2020-11-19 05:11:52 +0000,Data-e-ora-aggiornamento-2020-11-19T05-11-52-00-00,50,30,openregio_immobiliGestione.csv,https://github.com/aborruso/firstaction/commit/700941148ba4a4d099b5332289ffcff9ea380876
700941148ba4a4d099b5332289ffcff9ea380876,automatico <actions@users.noreply.github.com>,2020-11-19 05:11:52 +0000,Data-e-ora-aggiornamento-2020-11-19T05-11-52-00-00,1,1,openregio_procedureGestione.csv,https://github.com/aborruso/firstaction/commit/700941148ba4a4d099b5332289ffcff9ea380876
b60e7a87499729539b9f24b8029e0ee9e322ee99,automatico <actions@users.noreply.github.com>,2020-11-18 05:12:10 +0000,Data-e-ora-aggiornamento-2020-11-18T05-12-10-00-00,36,9,openregio_immobiliGestione.csv,https://github.com/aborruso/firstaction/commit/b60e7a87499729539b9f24b8029e0ee9e322ee99
b60e7a87499729539b9f24b8029e0ee9e322ee99,automatico <actions@users.noreply.github.com>,2020-11-18 05:12:10 +0000,Data-e-ora-aggiornamento-2020-11-18T05-12-10-00-00,2,2,openregio_procedureGestione.csv,https://github.com/aborruso/firstaction/commit/b60e7a87499729539b9f24b8029e0ee9e322ee99
420fb9b1ac75dd953b9a45af9f86f6fc33891241,automatico <actions@users.noreply.github.com>,2020-11-17 05:12:26 +0000,Data-e-ora-aggiornamento-2020-11-17T05-12-26-00-00,5,4,openregio_immobiliGestione.csv,https://github.com/aborruso/firstaction/commit/420fb9b1ac75dd953b9a45af9f86f6fc33891241
420fb9b1ac75dd953b9a45af9f86f6fc33891241,automatico <actions@users.noreply.github.com>,2020-11-17 05:12:26 +0000,Data-e-ora-aggiornamento-2020-11-17T05-12-26-00-00,3,3,openregio_procedureGestione.csv,https://github.com/aborruso/firstaction/commit/420fb9b1ac75dd953b9a45af9f86f6fc33891241
0ee1b3f6ccfb51ace5863678df94e3e363bee852,automatico <actions@users.noreply.github.com>,2020-11-15 05:11:25 +0000,Data-e-ora-aggiornamento-2020-11-15T05-11-25-00-00,0,1,openregio_immobiliGestione.csv,https://github.com/aborruso/firstaction/commit/0ee1b3f6ccfb51ace5863678df94e3e363bee852
fc29576db00d0e98272ac5d5af9e1ec9b0ae7e55,automatico <actions@users.noreply.github.com>,2020-11-14 05:11:04 +0000,Data-e-ora-aggiornamento-2020-11-14T05-11-04-00-00,1,28,openregio_aziendeGestione.csv,https://github.com/aborruso/firstaction/commit/fc29576db00d0e98272ac5d5af9e1ec9b0ae7e55
fc29576db00d0e98272ac5d5af9e1ec9b0ae7e55,automatico <actions@users.noreply.github.com>,2020-11-14 05:11:04 +0000,Data-e-ora-aggiornamento-2020-11-14T05-11-04-00-00,13,1,openregio_immobiliGestione.csv,https://github.com/aborruso/firstaction/commit/fc29576db00d0e98272ac5d5af9e1ec9b0ae7e55
7d60d2c7f2029038081fa3e499592e530ed09706,automatico <actions@users.noreply.github.com>,2020-11-13 05:11:13 +0000,Data-e-ora-aggiornamento-2020-11-13T05-11-13-00-00,13,4,openregio_aziendeGestione.csv,https://github.com/aborruso/firstaction/commit/7d60d2c7f2029038081fa3e499592e530ed09706
7d60d2c7f2029038081fa3e499592e530ed09706,automatico <actions@users.noreply.github.com>,2020-11-13 05:11:13 +0000,Data-e-ora-aggiornamento-2020-11-13T05-11-13-00-00,3,3,openregio_immobiliGestione.csv,https://github.com/aborruso/firstaction/commit/7d60d2c7f2029038081fa3e499592e530ed09706
7d60d2c7f2029038081fa3e499592e530ed09706,automatico <actions@users.noreply.github.com>,2020-11-13 05:11:13 +0000,Data-e-ora-aggiornamento-2020-11-13T05-11-13-00-00,1,1,openregio_procedureGestione.csv,https://github.com/aborruso/firstaction/commit/7d60d2c7f2029038081fa3e499592e530ed09706
bc33620432095c67ea4fac149786b28575077ae4,automatico <actions@users.noreply.github.com>,2020-11-12 05:11:17 +0000,Data-e-ora-aggiornamento-2020-11-12T05-11-17-00-00,16,18,openregio_immobiliGestione.csv,https://github.com/aborruso/firstaction/commit/bc33620432095c67ea4fac149786b28575077ae4
bc33620432095c67ea4fac149786b28575077ae4,automatico <actions@users.noreply.github.com>,2020-11-12 05:11:17 +0000,Data-e-ora-aggiornamento-2020-11-12T05-11-17-00-00,1,1,openregio_procedureGestione.csv,https://github.com/aborruso/firstaction/commit/bc33620432095c67ea4fac149786b28575077ae4
449268d3346a2935a102a73af7b6c4084a91b5e1,automatico <actions@users.noreply.github.com>,2020-11-11 05:10:41 +0000,Data-e-ora-aggiornamento-2020-11-11T05-10-41-00-00,7,5,openregio_immobiliGestione.csv,https://github.com/aborruso/firstaction/commit/449268d3346a2935a102a73af7b6c4084a91b5e1
80fd04eaef79c5be22743800882cc576ebf4eaa2,automatico <actions@users.noreply.github.com>,2020-11-10 05:10:11 +0000,Data-e-ora-aggiornamento-2020-11-10T05-10-11-00-00,1,1,openregio_procedureGestione.csv,https://github.com/aborruso/firstaction/commit/80fd04eaef79c5be22743800882cc576ebf4eaa2
1fbf0c54214766f869cd7c3699c178a87ace9dad,automatico <actions@users.noreply.github.com>,2020-11-07 05:11:51 +0000,Data-e-ora-aggiornamento-2020-11-07T05-11-51-00-00,2,0,openregio_immobiliGestione.csv,https://github.com/aborruso/firstaction/commit/1fbf0c54214766f869cd7c3699c178a87ace9dad
4b39fbe277513d02feca54880a6f763809843849,automatico <actions@users.noreply.github.com>,2020-11-06 05:12:02 +0000,Data-e-ora-aggiornamento-2020-11-06T05-12-02-00-00,2,2,openregio_aziendeGestione.csv,https://github.com/aborruso/firstaction/commit/4b39fbe277513d02feca54880a6f763809843849
4b39fbe277513d02feca54880a6f763809843849,automatico <actions@users.noreply.github.com>,2020-11-06 05:12:02 +0000,Data-e-ora-aggiornamento-2020-11-06T05-12-02-00-00,3,6,openregio_immobiliGestione.csv,https://github.com/aborruso/firstaction/commit/4b39fbe277513d02feca54880a6f763809843849
4b39fbe277513d02feca54880a6f763809843849,automatico <actions@users.noreply.github.com>,2020-11-06 05:12:02 +0000,Data-e-ora-aggiornamento-2020-11-06T05-12-02-00-00,2,2,openregio_procedureGestione.csv,https://github.com/aborruso/firstaction/commit/4b39fbe277513d02feca54880a6f763809843849
d2c2bc08cd0e2a8139cf29e886d97032b3b4d823,automatico <actions@users.noreply.github.com>,2020-11-05 05:18:41 +0000,Data-e-ora-aggiornamento-2020-11-05T05-18-41-00-00,3,5,openregio_immobiliGestione.csv,https://github.com/aborruso/firstaction/commit/d2c2bc08cd0e2a8139cf29e886d97032b3b4d823
d2c2bc08cd0e2a8139cf29e886d97032b3b4d823,automatico <actions@users.noreply.github.com>,2020-11-05 05:18:41 +0000,Data-e-ora-aggiornamento-2020-11-05T05-18-41-00-00,1,1,openregio_procedureGestione.csv,https://github.com/aborruso/firstaction/commit/d2c2bc08cd0e2a8139cf29e886d97032b3b4d823
320038a838afd9e89673d22631baacedcbc99b04,automatico <actions@users.noreply.github.com>,2020-11-04 05:20:34 +0000,Data-e-ora-aggiornamento-2020-11-04T05-20-34-00-00,1,1,openregio_procedureGestione.csv,https://github.com/aborruso/firstaction/commit/320038a838afd9e89673d22631baacedcbc99b04
96c936d017d415dd1180ce109e7b59d9333ed86a,automatico <actions@users.noreply.github.com>,2020-11-03 05:11:08 +0000,Data-e-ora-aggiornamento-2020-11-03T05-11-08-00-00,6,0,openregio_aziendeGestione.csv,https://github.com/aborruso/firstaction/commit/96c936d017d415dd1180ce109e7b59d9333ed86a
96c936d017d415dd1180ce109e7b59d9333ed86a,automatico <actions@users.noreply.github.com>,2020-11-03 05:11:08 +0000,Data-e-ora-aggiornamento-2020-11-03T05-11-08-00-00,269,1,openregio_immobiliGestione.csv,https://github.com/aborruso/firstaction/commit/96c936d017d415dd1180ce109e7b59d9333ed86a
96c936d017d415dd1180ce109e7b59d9333ed86a,automatico <actions@users.noreply.github.com>,2020-11-03 05:11:08 +0000,Data-e-ora-aggiornamento-2020-11-03T05-11-08-00-00,3,2,openregio_procedureGestione.csv,https://github.com/aborruso/firstaction/commit/96c936d017d415dd1180ce109e7b59d9333ed86a
f1ca6240cc8df57f63efb30422e6ee15e61489fe,automatico <actions@users.noreply.github.com>,2020-10-31 05:10:44 +0000,Data-e-ora-aggiornamento-2020-10-31T05-10-44-00-00,9,8,openregio_immobiliGestione.csv,https://github.com/aborruso/firstaction/commit/f1ca6240cc8df57f63efb30422e6ee15e61489fe
9517018e2a8700ea8898a47c1ee1541f0d1e1ecd,automatico <actions@users.noreply.github.com>,2020-10-30 05:09:55 +0000,Data-e-ora-aggiornamento-2020-10-30T05-09-55-00-00,1,0,openregio_aziendeGestione.csv,https://github.com/aborruso/firstaction/commit/9517018e2a8700ea8898a47c1ee1541f0d1e1ecd
9517018e2a8700ea8898a47c1ee1541f0d1e1ecd,automatico <actions@users.noreply.github.com>,2020-10-30 05:09:55 +0000,Data-e-ora-aggiornamento-2020-10-30T05-09-55-00-00,2,2,openregio_immobiliGestione.csv,https://github.com/aborruso/firstaction/commit/9517018e2a8700ea8898a47c1ee1541f0d1e1ecd
9517018e2a8700ea8898a47c1ee1541f0d1e1ecd,automatico <actions@users.noreply.github.com>,2020-10-30 05:09:55 +0000,Data-e-ora-aggiornamento-2020-10-30T05-09-55-00-00,4,4,openregio_procedureGestione.csv,https://github.com/aborruso/firstaction/commit/9517018e2a8700ea8898a47c1ee1541f0d1e1ecd
60cc937d80c121440ad4ae756e8bd135e6cea88e,automatico <actions@users.noreply.github.com>,2020-10-29 05:17:29 +0000,Data-e-ora-aggiornamento-2020-10-29T05-17-29-00-00,15,14,openregio_immobiliGestione.csv,https://github.com/aborruso/firstaction/commit/60cc937d80c121440ad4ae756e8bd135e6cea88e
60cc937d80c121440ad4ae756e8bd135e6cea88e,automatico <actions@users.noreply.github.com>,2020-10-29 05:17:29 +0000,Data-e-ora-aggiornamento-2020-10-29T05-17-29-00-00,3,3,openregio_procedureGestione.csv,https://github.com/aborruso/firstaction/commit/60cc937d80c121440ad4ae756e8bd135e6cea88e
d2d05858d7527363b988112ff0bf8fc33cbd1538,automatico <actions@users.noreply.github.com>,2020-10-28 05:17:05 +0000,Data-e-ora-aggiornamento-2020-10-28T05-17-05-00-00,12,18,openregio_aziendeGestione.csv,https://github.com/aborruso/firstaction/commit/d2d05858d7527363b988112ff0bf8fc33cbd1538
d2d05858d7527363b988112ff0bf8fc33cbd1538,automatico <actions@users.noreply.github.com>,2020-10-28 05:17:05 +0000,Data-e-ora-aggiornamento-2020-10-28T05-17-05-00-00,87,73,openregio_immobiliGestione.csv,https://github.com/aborruso/firstaction/commit/d2d05858d7527363b988112ff0bf8fc33cbd1538
d2d05858d7527363b988112ff0bf8fc33cbd1538,automatico <actions@users.noreply.github.com>,2020-10-28 05:17:05 +0000,Data-e-ora-aggiornamento-2020-10-28T05-17-05-00-00,3,3,openregio_procedureGestione.csv,https://github.com/aborruso/firstaction/commit/d2d05858d7527363b988112ff0bf8fc33cbd1538
e28b1bf2b7e56a42970c4a81be44e8a03ffc4e06,automatico <actions@users.noreply.github.com>,2020-10-27 05:16:54 +0000,Data-e-ora-aggiornamento-2020-10-27T05-16-54-00-00,0,1,openregio_aziendeGestione.csv,https://github.com/aborruso/firstaction/commit/e28b1bf2b7e56a42970c4a81be44e8a03ffc4e06
e28b1bf2b7e56a42970c4a81be44e8a03ffc4e06,automatico <actions@users.noreply.github.com>,2020-10-27 05:16:54 +0000,Data-e-ora-aggiornamento-2020-10-27T05-16-54-00-00,1,1,openregio_procedureGestione.csv,https://github.com/aborruso/firstaction/commit/e28b1bf2b7e56a42970c4a81be44e8a03ffc4e06
5f97ea18db76849c448f37417ccfa6b931f4e21e,automatico <actions@users.noreply.github.com>,2020-10-24 05:15:53 +0000,Data-e-ora-aggiornamento-2020-10-24T05-15-53-00-00,2,1,openregio_immobiliDestinati.csv,https://github.com/aborruso/firstaction/commit/5f97ea18db76849c448f37417ccfa6b931f4e21e
5f97ea18db76849c448f37417ccfa6b931f4e21e,automatico <actions@users.noreply.github.com>,2020-10-24 05:15:53 +0000,Data-e-ora-aggiornamento-2020-10-24T05-15-53-00-00,30,9,openregio_immobiliGestione.csv,https://github.com/aborruso/firstaction/commit/5f97ea18db76849c448f37417ccfa6b931f4e21e
61fece58f9c067f66025cab4a23073341a6b5140,automatico <actions@users.noreply.github.com>,2020-10-23 05:16:14 +0000,Data-e-ora-aggiornamento-2020-10-23T05-16-14-00-00,2,0,openregio_immobiliDestinati.csv,https://github.com/aborruso/firstaction/commit/61fece58f9c067f66025cab4a23073341a6b5140
61fece58f9c067f66025cab4a23073341a6b5140,automatico <actions@users.noreply.github.com>,2020-10-23 05:16:14 +0000,Data-e-ora-aggiornamento-2020-10-23T05-16-14-00-00,7,8,openregio_immobiliGestione.csv,https://github.com/aborruso/firstaction/commit/61fece58f9c067f66025cab4a23073341a6b5140
b1e9782b812512a3839a0244971bc199202c9750,automatico <actions@users.noreply.github.com>,2020-10-22 05:16:14 +0000,Data-e-ora-aggiornamento-2020-10-22T05-16-14-00-00,0,2,openregio_aziendeGestione.csv,https://github.com/aborruso/firstaction/commit/b1e9782b812512a3839a0244971bc199202c9750
b1e9782b812512a3839a0244971bc199202c9750,automatico <actions@users.noreply.github.com>,2020-10-22 05:16:14 +0000,Data-e-ora-aggiornamento-2020-10-22T05-16-14-00-00,11,11,openregio_immobiliGestione.csv,https://github.com/aborruso/firstaction/commit/b1e9782b812512a3839a0244971bc199202c9750
c893ecbf6242f6192915d12d2713841ae6306ea4,automatico <actions@users.noreply.github.com>,2020-10-21 05:15:54 +0000,Data-e-ora-aggiornamento-2020-10-21T05-15-54-00-00,2,0,openregio_immobiliDestinati.csv,https://github.com/aborruso/firstaction/commit/c893ecbf6242f6192915d12d2713841ae6306ea4
c893ecbf6242f6192915d12d2713841ae6306ea4,automatico <actions@users.noreply.github.com>,2020-10-21 05:15:54 +0000,Data-e-ora-aggiornamento-2020-10-21T05-15-54-00-00,16,16,openregio_immobiliGestione.csv,https://github.com/aborruso/firstaction/commit/c893ecbf6242f6192915d12d2713841ae6306ea4
6e1572bd6aa5fcb02de7de4d275ce60604d93157,automatico <actions@users.noreply.github.com>,2020-10-20 05:15:49 +0000,Data-e-ora-aggiornamento-2020-10-20T05-15-49-00-00,41,40,openregio_immobiliGestione.csv,https://github.com/aborruso/firstaction/commit/6e1572bd6aa5fcb02de7de4d275ce60604d93157
6e1572bd6aa5fcb02de7de4d275ce60604d93157,automatico <actions@users.noreply.github.com>,2020-10-20 05:15:49 +0000,Data-e-ora-aggiornamento-2020-10-20T05-15-49-00-00,1,1,openregio_procedureGestione.csv,https://github.com/aborruso/firstaction/commit/6e1572bd6aa5fcb02de7de4d275ce60604d93157
d32600586488534a7349f203e6eceeabe1f05253,automatico <actions@users.noreply.github.com>,2020-10-17 05:15:21 +0000,Data-e-ora-aggiornamento-2020-10-17T05-15-21-00-00,44,44,openregio_immobiliGestione.csv,https://github.com/aborruso/firstaction/commit/d32600586488534a7349f203e6eceeabe1f05253
d32600586488534a7349f203e6eceeabe1f05253,automatico <actions@users.noreply.github.com>,2020-10-17 05:15:21 +0000,Data-e-ora-aggiornamento-2020-10-17T05-15-21-00-00,4,4,openregio_procedureGestione.csv,https://github.com/aborruso/firstaction/commit/d32600586488534a7349f203e6eceeabe1f05253
aa8dcb623af83f26f37684f79605392e5a394f3c,automatico <actions@users.noreply.github.com>,2020-10-16 05:15:24 +0000,Data-e-ora-aggiornamento-2020-10-16T05-15-24-00-00,1,1,openregio_aziendeGestione.csv,https://github.com/aborruso/firstaction/commit/aa8dcb623af83f26f37684f79605392e5a394f3c
aa8dcb623af83f26f37684f79605392e5a394f3c,automatico <actions@users.noreply.github.com>,2020-10-16 05:15:24 +0000,Data-e-ora-aggiornamento-2020-10-16T05-15-24-00-00,2,1,openregio_immobiliGestione.csv,https://github.com/aborruso/firstaction/commit/aa8dcb623af83f26f37684f79605392e5a394f3c
aa8dcb623af83f26f37684f79605392e5a394f3c,automatico <actions@users.noreply.github.com>,2020-10-16 05:15:24 +0000,Data-e-ora-aggiornamento-2020-10-16T05-15-24-00-00,2,2,openregio_procedureGestione.csv,https://github.com/aborruso/firstaction/commit/aa8dcb623af83f26f37684f79605392e5a394f3c
5ed08b22d996c1db5b0f5da9100411fe9cfe3046,automatico <actions@users.noreply.github.com>,2020-10-15 05:13:31 +0000,Data-e-ora-aggiornamento-2020-10-15T05-13-31-00-00,6,1,openregio_immobiliGestione.csv,https://github.com/aborruso/firstaction/commit/5ed08b22d996c1db5b0f5da9100411fe9cfe3046
5ed08b22d996c1db5b0f5da9100411fe9cfe3046,automatico <actions@users.noreply.github.com>,2020-10-15 05:13:31 +0000,Data-e-ora-aggiornamento-2020-10-15T05-13-31-00-00,1,0,openregio_procedureGestione.csv,https://github.com/aborruso/firstaction/commit/5ed08b22d996c1db5b0f5da9100411fe9cfe3046
90fa1de3baa170e2df09431561570dfc9e0012e5,automatico <actions@users.noreply.github.com>,2020-10-14 05:16:19 +0000,Data-e-ora-aggiornamento-2020-10-14T05-16-19-00-00,6,3,openregio_immobiliGestione.csv,https://github.com/aborruso/firstaction/commit/90fa1de3baa170e2df09431561570dfc9e0012e5
90fa1de3baa170e2df09431561570dfc9e0012e5,automatico <actions@users.noreply.github.com>,2020-10-14 05:16:19 +0000,Data-e-ora-aggiornamento-2020-10-14T05-16-19-00-00,2,2,openregio_procedureGestione.csv,https://github.com/aborruso/firstaction/commit/90fa1de3baa170e2df09431561570dfc9e0012e5
6f49e8cd89d219c967f8cd79aaecb4fad714b72a,automatico <actions@users.noreply.github.com>,2020-10-13 05:15:29 +0000,Data-e-ora-aggiornamento-2020-10-13T05-15-29-00-00,1,1,openregio_aziendeGestione.csv,https://github.com/aborruso/firstaction/commit/6f49e8cd89d219c967f8cd79aaecb4fad714b72a
6f49e8cd89d219c967f8cd79aaecb4fad714b72a,automatico <actions@users.noreply.github.com>,2020-10-13 05:15:29 +0000,Data-e-ora-aggiornamento-2020-10-13T05-15-29-00-00,9,9,openregio_immobiliGestione.csv,https://github.com/aborruso/firstaction/commit/6f49e8cd89d219c967f8cd79aaecb4fad714b72a
6f49e8cd89d219c967f8cd79aaecb4fad714b72a,automatico <actions@users.noreply.github.com>,2020-10-13 05:15:29 +0000,Data-e-ora-aggiornamento-2020-10-13T05-15-29-00-00,1,1,openregio_procedureGestione.csv,https://github.com/aborruso/firstaction/commit/6f49e8cd89d219c967f8cd79aaecb4fad714b72a
d64f67dba9a6b69b519d5a45427f0a3d64588af3,automatico <actions@users.noreply.github.com>,2020-10-11 05:14:54 +0000,Data-e-ora-aggiornamento-2020-10-11T05-14-54-00-00,0,2,openregio_aziendeGestione.csv,https://github.com/aborruso/firstaction/commit/d64f67dba9a6b69b519d5a45427f0a3d64588af3
d64f67dba9a6b69b519d5a45427f0a3d64588af3,automatico <actions@users.noreply.github.com>,2020-10-11 05:14:54 +0000,Data-e-ora-aggiornamento-2020-10-11T05-14-54-00-00,0,1,openregio_immobiliGestione.csv,https://github.com/aborruso/firstaction/commit/d64f67dba9a6b69b519d5a45427f0a3d64588af3
c62768538e2cd7c05bad19c3a527e63b501efbbb,automatico <actions@users.noreply.github.com>,2020-10-10 05:14:35 +0000,Data-e-ora-aggiornamento-2020-10-10T05-14-35-00-00,3,3,openregio_aziendeGestione.csv,https://github.com/aborruso/firstaction/commit/c62768538e2cd7c05bad19c3a527e63b501efbbb
c62768538e2cd7c05bad19c3a527e63b501efbbb,automatico <actions@users.noreply.github.com>,2020-10-10 05:14:35 +0000,Data-e-ora-aggiornamento-2020-10-10T05-14-35-00-00,16,17,openregio_immobiliGestione.csv,https://github.com/aborruso/firstaction/commit/c62768538e2cd7c05bad19c3a527e63b501efbbb
c62768538e2cd7c05bad19c3a527e63b501efbbb,automatico <actions@users.noreply.github.com>,2020-10-10 05:14:35 +0000,Data-e-ora-aggiornamento-2020-10-10T05-14-35-00-00,2,2,openregio_procedureGestione.csv,https://github.com/aborruso/firstaction/commit/c62768538e2cd7c05bad19c3a527e63b501efbbb
b2b0d21fe6da5b412c6b2a4192e5cb6f3c0465fd,automatico <actions@users.noreply.github.com>,2020-10-09 05:15:30 +0000,Data-e-ora-aggiornamento-2020-10-09T05-15-30-00-00,13,14,openregio_immobiliGestione.csv,https://github.com/aborruso/firstaction/commit/b2b0d21fe6da5b412c6b2a4192e5cb6f3c0465fd
b2b0d21fe6da5b412c6b2a4192e5cb6f3c0465fd,automatico <actions@users.noreply.github.com>,2020-10-09 05:15:30 +0000,Data-e-ora-aggiornamento-2020-10-09T05-15-30-00-00,4,4,openregio_procedureGestione.csv,https://github.com/aborruso/firstaction/commit/b2b0d21fe6da5b412c6b2a4192e5cb6f3c0465fd
12331ed6dacb28147b2e0dc60d8b22228a3bc3c2,automatico <actions@users.noreply.github.com>,2020-10-08 05:13:19 +0000,Data-e-ora-aggiornamento-2020-10-08T05-13-19-00-00,22,22,openregio_immobiliGestione.csv,https://github.com/aborruso/firstaction/commit/12331ed6dacb28147b2e0dc60d8b22228a3bc3c2
12331ed6dacb28147b2e0dc60d8b22228a3bc3c2,automatico <actions@users.noreply.github.com>,2020-10-08 05:13:19 +0000,Data-e-ora-aggiornamento-2020-10-08T05-13-19-00-00,1,1,openregio_procedureGestione.csv,https://github.com/aborruso/firstaction/commit/12331ed6dacb28147b2e0dc60d8b22228a3bc3c2
1c2871394e258ba2ff25e53534c20f5ae15887ed,automatico <actions@users.noreply.github.com>,2020-10-07 05:14:23 +0000,Data-e-ora-aggiornamento-2020-10-07T05-14-23-00-00,56,79,openregio_immobiliGestione.csv,https://github.com/aborruso/firstaction/commit/1c2871394e258ba2ff25e53534c20f5ae15887ed
c44aec239f0429f57974b98aaba71df99ec09462,automatico <actions@users.noreply.github.com>,2020-10-06 05:14:11 +0000,Data-e-ora-aggiornamento-2020-10-06T05-14-11-00-00,4,1,openregio_aziendeGestione.csv,https://github.com/aborruso/firstaction/commit/c44aec239f0429f57974b98aaba71df99ec09462
c44aec239f0429f57974b98aaba71df99ec09462,automatico <actions@users.noreply.github.com>,2020-10-06 05:14:11 +0000,Data-e-ora-aggiornamento-2020-10-06T05-14-11-00-00,9,9,openregio_immobiliGestione.csv,https://github.com/aborruso/firstaction/commit/c44aec239f0429f57974b98aaba71df99ec09462
c44aec239f0429f57974b98aaba71df99ec09462,automatico <actions@users.noreply.github.com>,2020-10-06 05:14:11 +0000,Data-e-ora-aggiornamento-2020-10-06T05-14-11-00-00,1,1,openregio_procedureGestione.csv,https://github.com/aborruso/firstaction/commit/c44aec239f0429f57974b98aaba71df99ec09462
b8b03f32e358e39b7c8d092acc2648156e66c054,automatico <actions@users.noreply.github.com>,2020-10-05 05:13:59 +0000,Data-e-ora-aggiornamento-2020-10-05T05-13-59-00-00,3,1,openregio_immobiliGestione.csv,https://github.com/aborruso/firstaction/commit/b8b03f32e358e39b7c8d092acc2648156e66c054
359fd35248cc6be253c5753b93355fc307558031,automatico <actions@users.noreply.github.com>,2020-10-03 05:13:42 +0000,Data-e-ora-aggiornamento-2020-10-03T05-13-42-00-00,7,1,openregio_aziendeGestione.csv,https://github.com/aborruso/firstaction/commit/359fd35248cc6be253c5753b93355fc307558031
359fd35248cc6be253c5753b93355fc307558031,automatico <actions@users.noreply.github.com>,2020-10-03 05:13:42 +0000,Data-e-ora-aggiornamento-2020-10-03T05-13-42-00-00,11,5,openregio_immobiliGestione.csv,https://github.com/aborruso/firstaction/commit/359fd35248cc6be253c5753b93355fc307558031
359fd35248cc6be253c5753b93355fc307558031,automatico <actions@users.noreply.github.com>,2020-10-03 05:13:42 +0000,Data-e-ora-aggiornamento-2020-10-03T05-13-42-00-00,2,1,openregio_procedureGestione.csv,https://github.com/aborruso/firstaction/commit/359fd35248cc6be253c5753b93355fc307558031
334526032b5fb5c05eaef05cc5168a2a2d731f6e,automatico <actions@users.noreply.github.com>,2020-10-02 05:14:01 +0000,Data-e-ora-aggiornamento-2020-10-02T05-14-01-00-00,4,4,openregio_immobiliGestione.csv,https://github.com/aborruso/firstaction/commit/334526032b5fb5c05eaef05cc5168a2a2d731f6e
413fb57bc337d6b4b9ea5e23854fdc90117445d4,automatico <actions@users.noreply.github.com>,2020-10-01 05:14:08 +0000,Data-e-ora-aggiornamento-2020-10-01T05-14-08-00-00,3,3,openregio_aziendeGestione.csv,https://github.com/aborruso/firstaction/commit/413fb57bc337d6b4b9ea5e23854fdc90117445d4
413fb57bc337d6b4b9ea5e23854fdc90117445d4,automatico <actions@users.noreply.github.com>,2020-10-01 05:14:08 +0000,Data-e-ora-aggiornamento-2020-10-01T05-14-08-00-00,7,7,openregio_immobiliGestione.csv,https://github.com/aborruso/firstaction/commit/413fb57bc337d6b4b9ea5e23854fdc90117445d4
c7b0ffb1a4a2ed0e36ac83f13355c5efadc02b29,automatico <actions@users.noreply.github.com>,2020-09-30 05:13:24 +0000,Data-e-ora-aggiornamento-2020-09-30T05-13-24-00-00,4,5,openregio_immobiliGestione.csv,https://github.com/aborruso/firstaction/commit/c7b0ffb1a4a2ed0e36ac83f13355c5efadc02b29
c7b0ffb1a4a2ed0e36ac83f13355c5efadc02b29,automatico <actions@users.noreply.github.com>,2020-09-30 05:13:24 +0000,Data-e-ora-aggiornamento-2020-09-30T05-13-24-00-00,2,2,openregio_procedureGestione.csv,https://github.com/aborruso/firstaction/commit/c7b0ffb1a4a2ed0e36ac83f13355c5efadc02b29
3fa2b24aa2e2b4e4b0cb676b4af72dca28c5a458,automatico <actions@users.noreply.github.com>,2020-09-29 05:13:36 +0000,Data-e-ora-aggiornamento-2020-09-29T05-13-36-00-00,23,7,openregio_immobiliGestione.csv,https://github.com/aborruso/firstaction/commit/3fa2b24aa2e2b4e4b0cb676b4af72dca28c5a458
3fa2b24aa2e2b4e4b0cb676b4af72dca28c5a458,automatico <actions@users.noreply.github.com>,2020-09-29 05:13:36 +0000,Data-e-ora-aggiornamento-2020-09-29T05-13-36-00-00,1,1,openregio_procedureGestione.csv,https://github.com/aborruso/firstaction/commit/3fa2b24aa2e2b4e4b0cb676b4af72dca28c5a458
cf390e6baacf78ed7cc79be379919aa2609be984,automatico <actions@users.noreply.github.com>,2020-09-26 05:13:20 +0000,Data-e-ora-aggiornamento-2020-09-26T05-13-20-00-00,7,3,openregio_immobiliGestione.csv,https://github.com/aborruso/firstaction/commit/cf390e6baacf78ed7cc79be379919aa2609be984
cf390e6baacf78ed7cc79be379919aa2609be984,automatico <actions@users.noreply.github.com>,2020-09-26 05:13:20 +0000,Data-e-ora-aggiornamento-2020-09-26T05-13-20-00-00,1,1,openregio_procedureGestione.csv,https://github.com/aborruso/firstaction/commit/cf390e6baacf78ed7cc79be379919aa2609be984
e926c2ea31fec9cd3ff56229d57504a8aa1c572e,automatico <actions@users.noreply.github.com>,2020-09-25 05:13:07 +0000,Data-e-ora-aggiornamento-2020-09-25T05-13-07-00-00,2,1,openregio_aziendeGestione.csv,https://github.com/aborruso/firstaction/commit/e926c2ea31fec9cd3ff56229d57504a8aa1c572e
e926c2ea31fec9cd3ff56229d57504a8aa1c572e,automatico <actions@users.noreply.github.com>,2020-09-25 05:13:07 +0000,Data-e-ora-aggiornamento-2020-09-25T05-13-07-00-00,12,13,openregio_immobiliGestione.csv,https://github.com/aborruso/firstaction/commit/e926c2ea31fec9cd3ff56229d57504a8aa1c572e
e926c2ea31fec9cd3ff56229d57504a8aa1c572e,automatico <actions@users.noreply.github.com>,2020-09-25 05:13:07 +0000,Data-e-ora-aggiornamento-2020-09-25T05-13-07-00-00,4,4,openregio_procedureGestione.csv,https://github.com/aborruso/firstaction/commit/e926c2ea31fec9cd3ff56229d57504a8aa1c572e
6131ec790a936a9071627a5ff4451713f1f17776,automatico <actions@users.noreply.github.com>,2020-09-24 05:13:11 +0000,Data-e-ora-aggiornamento-2020-09-24T05-13-11-00-00,0,1,openregio_immobiliGestione.csv,https://github.com/aborruso/firstaction/commit/6131ec790a936a9071627a5ff4451713f1f17776
32b78b0a9ae473a59cfece6aae0575f9e404496d,automatico <actions@users.noreply.github.com>,2020-09-23 11:07:08 +0000,Data-e-ora-aggiornamento-2020-09-23T11-07-08-00-00,58,131,openregio_immobiliDestinati.csv,https://github.com/aborruso/firstaction/commit/32b78b0a9ae473a59cfece6aae0575f9e404496d
32b78b0a9ae473a59cfece6aae0575f9e404496d,automatico <actions@users.noreply.github.com>,2020-09-23 11:07:08 +0000,Data-e-ora-aggiornamento-2020-09-23T11-07-08-00-00,1,1,openregio_procedureGestione.csv,https://github.com/aborruso/firstaction/commit/32b78b0a9ae473a59cfece6aae0575f9e404496d
f4179364534852f06095f9d3cb927c9246b8054d,automatico <actions@users.noreply.github.com>,2020-09-23 05:13:01 +0000,Data-e-ora-aggiornamento-2020-09-23T05-13-01-00-00,1,1,openregio_procedureGestione.csv,https://github.com/aborruso/firstaction/commit/f4179364534852f06095f9d3cb927c9246b8054d
abab710f571542d16f48bca164f332ad9ef806ce,automatico <actions@users.noreply.github.com>,2020-09-22 05:13:07 +0000,Data-e-ora-aggiornamento-2020-09-22T05-13-07-00-00,3,4,openregio_immobiliGestione.csv,https://github.com/aborruso/firstaction/commit/abab710f571542d16f48bca164f332ad9ef806ce
abab710f571542d16f48bca164f332ad9ef806ce,automatico <actions@users.noreply.github.com>,2020-09-22 05:13:07 +0000,Data-e-ora-aggiornamento-2020-09-22T05-13-07-00-00,2,2,openregio_procedureGestione.csv,https://github.com/aborruso/firstaction/commit/abab710f571542d16f48bca164f332ad9ef806ce
b552bdbc28973ee520363402faa4743cbb63ebb5,automatico <actions@users.noreply.github.com>,2020-09-21 05:13:03 +0000,Data-e-ora-aggiornamento-2020-09-21T05-13-03-00-00,11,2,openregio_immobiliGestione.csv,https://github.com/aborruso/firstaction/commit/b552bdbc28973ee520363402faa4743cbb63ebb5
69748d3cc7c455ad8ba2d9c566f80c4e01e351fc,automatico <actions@users.noreply.github.com>,2020-09-20 05:12:39 +0000,Data-e-ora-aggiornamento-2020-09-20T05-12-39-00-00,4,4,openregio_immobiliGestione.csv,https://github.com/aborruso/firstaction/commit/69748d3cc7c455ad8ba2d9c566f80c4e01e351fc
6b1a8fc17f4cb33ed7fa776593a819211604888e,automatico <actions@users.noreply.github.com>,2020-09-19 05:12:47 +0000,Data-e-ora-aggiornamento-2020-09-19T05-12-47-00-00,0,2,openregio_aziendeGestione.csv,https://github.com/aborruso/firstaction/commit/6b1a8fc17f4cb33ed7fa776593a819211604888e
6b1a8fc17f4cb33ed7fa776593a819211604888e,automatico <actions@users.noreply.github.com>,2020-09-19 05:12:47 +0000,Data-e-ora-aggiornamento-2020-09-19T05-12-47-00-00,54,60,openregio_immobiliGestione.csv,https://github.com/aborruso/firstaction/commit/6b1a8fc17f4cb33ed7fa776593a819211604888e
6b1a8fc17f4cb33ed7fa776593a819211604888e,automatico <actions@users.noreply.github.com>,2020-09-19 05:12:47 +0000,Data-e-ora-aggiornamento-2020-09-19T05-12-47-00-00,1,1,openregio_procedureGestione.csv,https://github.com/aborruso/firstaction/commit/6b1a8fc17f4cb33ed7fa776593a819211604888e
736d42eec3b53eff9b74b0fc3e9ca34a1b4f5be0,automatico <actions@users.noreply.github.com>,2020-09-18 05:13:02 +0000,Data-e-ora-aggiornamento-2020-09-18T05-13-02-00-00,0,5,openregio_aziendeGestione.csv,https://github.com/aborruso/firstaction/commit/736d42eec3b53eff9b74b0fc3e9ca34a1b4f5be0
736d42eec3b53eff9b74b0fc3e9ca34a1b4f5be0,automatico <actions@users.noreply.github.com>,2020-09-18 05:13:02 +0000,Data-e-ora-aggiornamento-2020-09-18T05-13-02-00-00,19,13,openregio_immobiliGestione.csv,https://github.com/aborruso/firstaction/commit/736d42eec3b53eff9b74b0fc3e9ca34a1b4f5be0
736d42eec3b53eff9b74b0fc3e9ca34a1b4f5be0,automatico <actions@users.noreply.github.com>,2020-09-18 05:13:02 +0000,Data-e-ora-aggiornamento-2020-09-18T05-13-02-00-00,1,1,openregio_procedureGestione.csv,https://github.com/aborruso/firstaction/commit/736d42eec3b53eff9b74b0fc3e9ca34a1b4f5be0
875d58f8da1cac8799f3230e9e3feb376ce36ac2,automatico <actions@users.noreply.github.com>,2020-09-17 05:12:52 +0000,Data-e-ora-aggiornamento-2020-09-17T05-12-52-00-00,1,4,openregio_aziendeGestione.csv,https://github.com/aborruso/firstaction/commit/875d58f8da1cac8799f3230e9e3feb376ce36ac2
875d58f8da1cac8799f3230e9e3feb376ce36ac2,automatico <actions@users.noreply.github.com>,2020-09-17 05:12:52 +0000,Data-e-ora-aggiornamento-2020-09-17T05-12-52-00-00,33,1,openregio_immobiliGestione.csv,https://github.com/aborruso/firstaction/commit/875d58f8da1cac8799f3230e9e3feb376ce36ac2
875d58f8da1cac8799f3230e9e3feb376ce36ac2,automatico <actions@users.noreply.github.com>,2020-09-17 05:12:52 +0000,Data-e-ora-aggiornamento-2020-09-17T05-12-52-00-00,4,4,openregio_procedureGestione.csv,https://github.com/aborruso/firstaction/commit/875d58f8da1cac8799f3230e9e3feb376ce36ac2
16f4836b160067c73ceed296540cd69814b48ef6,automatico <actions@users.noreply.github.com>,2020-09-16 05:13:10 +0000,Data-e-ora-aggiornamento-2020-09-16T05-13-10-00-00,2,0,openregio_aziendeGestione.csv,https://github.com/aborruso/firstaction/commit/16f4836b160067c73ceed296540cd69814b48ef6
16f4836b160067c73ceed296540cd69814b48ef6,automatico <actions@users.noreply.github.com>,2020-09-16 05:13:10 +0000,Data-e-ora-aggiornamento-2020-09-16T05-13-10-00-00,10,0,openregio_immobiliGestione.csv,https://github.com/aborruso/firstaction/commit/16f4836b160067c73ceed296540cd69814b48ef6
16f4836b160067c73ceed296540cd69814b48ef6,automatico <actions@users.noreply.github.com>,2020-09-16 05:13:10 +0000,Data-e-ora-aggiornamento-2020-09-16T05-13-10-00-00,5,0,openregio_procedureGestione.csv,https://github.com/aborruso/firstaction/commit/16f4836b160067c73ceed296540cd69814b48ef6
7a1c95a01e07a35ca2bfe607161a18d384413f2b,automatico <actions@users.noreply.github.com>,2020-09-15 05:12:47 +0000,Data-e-ora-aggiornamento-2020-09-15T05-12-47-00-00,24,11,openregio_immobiliGestione.csv,https://github.com/aborruso/firstaction/commit/7a1c95a01e07a35ca2bfe607161a18d384413f2b
7a1c95a01e07a35ca2bfe607161a18d384413f2b,automatico <actions@users.noreply.github.com>,2020-09-15 05:12:47 +0000,Data-e-ora-aggiornamento-2020-09-15T05-12-47-00-00,4,1,openregio_procedureGestione.csv,https://github.com/aborruso/firstaction/commit/7a1c95a01e07a35ca2bfe607161a18d384413f2b
b8503a82b637c24dc880058e871ce33fc99fc93f,automatico <actions@users.noreply.github.com>,2020-09-14 05:12:51 +0000,Data-e-ora-aggiornamento-2020-09-14T05-12-51-00-00,4,4,openregio_immobiliGestione.csv,https://github.com/aborruso/firstaction/commit/b8503a82b637c24dc880058e871ce33fc99fc93f
6fa481dbe6527496b12d2d2ca82c1e5c28e5f87f,automatico <actions@users.noreply.github.com>,2020-09-12 05:12:04 +0000,Data-e-ora-aggiornamento-2020-09-12T05-12-04-00-00,3,4,openregio_aziendeGestione.csv,https://github.com/aborruso/firstaction/commit/6fa481dbe6527496b12d2d2ca82c1e5c28e5f87f
6fa481dbe6527496b12d2d2ca82c1e5c28e5f87f,automatico <actions@users.noreply.github.com>,2020-09-12 05:12:04 +0000,Data-e-ora-aggiornamento-2020-09-12T05-12-04-00-00,30,10,openregio_immobiliGestione.csv,https://github.com/aborruso/firstaction/commit/6fa481dbe6527496b12d2d2ca82c1e5c28e5f87f
6fa481dbe6527496b12d2d2ca82c1e5c28e5f87f,automatico <actions@users.noreply.github.com>,2020-09-12 05:12:04 +0000,Data-e-ora-aggiornamento-2020-09-12T05-12-04-00-00,1,1,openregio_procedureGestione.csv,https://github.com/aborruso/firstaction/commit/6fa481dbe6527496b12d2d2ca82c1e5c28e5f87f
92288e5d96598c7dfeb5f1e0ed1b17c24e180d76,automatico <actions@users.noreply.github.com>,2020-09-11 05:12:39 +0000,Data-e-ora-aggiornamento-2020-09-11T05-12-39-00-00,0,5,openregio_aziendeGestione.csv,https://github.com/aborruso/firstaction/commit/92288e5d96598c7dfeb5f1e0ed1b17c24e180d76
92288e5d96598c7dfeb5f1e0ed1b17c24e180d76,automatico <actions@users.noreply.github.com>,2020-09-11 05:12:39 +0000,Data-e-ora-aggiornamento-2020-09-11T05-12-39-00-00,2,22,openregio_immobiliGestione.csv,https://github.com/aborruso/firstaction/commit/92288e5d96598c7dfeb5f1e0ed1b17c24e180d76
ef2d7d61469f130d9c6b4ed662d1de971678d7f9,automatico <actions@users.noreply.github.com>,2020-09-10 05:12:39 +0000,Data-e-ora-aggiornamento-2020-09-10T05-12-39-00-00,6,3,openregio_immobiliGestione.csv,https://github.com/aborruso/firstaction/commit/ef2d7d61469f130d9c6b4ed662d1de971678d7f9
ef2d7d61469f130d9c6b4ed662d1de971678d7f9,automatico <actions@users.noreply.github.com>,2020-09-10 05:12:39 +0000,Data-e-ora-aggiornamento-2020-09-10T05-12-39-00-00,5,0,openregio_procedureGestione.csv,https://github.com/aborruso/firstaction/commit/ef2d7d61469f130d9c6b4ed662d1de971678d7f9
dd8eec9cf66c649dfb83ddb6de7cc9035f904695,automatico <actions@users.noreply.github.com>,2020-09-09 05:12:47 +0000,Data-e-ora-aggiornamento-2020-09-09T05-12-47-00-00,8,3,openregio_immobiliGestione.csv,https://github.com/aborruso/firstaction/commit/dd8eec9cf66c649dfb83ddb6de7cc9035f904695
dd8eec9cf66c649dfb83ddb6de7cc9035f904695,automatico <actions@users.noreply.github.com>,2020-09-09 05:12:47 +0000,Data-e-ora-aggiornamento-2020-09-09T05-12-47-00-00,4,0,openregio_procedureGestione.csv,https://github.com/aborruso/firstaction/commit/dd8eec9cf66c649dfb83ddb6de7cc9035f904695
0d3460c2fad361704dec0c38d6e93809ae8b38d3,automatico <actions@users.noreply.github.com>,2020-09-08 05:12:53 +0000,Data-e-ora-aggiornamento-2020-09-08T05-12-53-00-00,3,0,openregio_aziendeGestione.csv,https://github.com/aborruso/firstaction/commit/0d3460c2fad361704dec0c38d6e93809ae8b38d3
0d3460c2fad361704dec0c38d6e93809ae8b38d3,automatico <actions@users.noreply.github.com>,2020-09-08 05:12:53 +0000,Data-e-ora-aggiornamento-2020-09-08T05-12-53-00-00,38,32,openregio_immobiliGestione.csv,https://github.com/aborruso/firstaction/commit/0d3460c2fad361704dec0c38d6e93809ae8b38d3
0d3460c2fad361704dec0c38d6e93809ae8b38d3,automatico <actions@users.noreply.github.com>,2020-09-08 05:12:53 +0000,Data-e-ora-aggiornamento-2020-09-08T05-12-53-00-00,3,1,openregio_procedureGestione.csv,https://github.com/aborruso/firstaction/commit/0d3460c2fad361704dec0c38d6e93809ae8b38d3
a1f2131f84cf30e23a7360c46feb2226652df2fe,automatico <actions@users.noreply.github.com>,2020-09-04 05:12:47 +0000,Data-e-ora-aggiornamento-2020-09-04T05-12-47-00-00,4,1,openregio_immobiliGestione.csv,https://github.com/aborruso/firstaction/commit/a1f2131f84cf30e23a7360c46feb2226652df2fe
a1f2131f84cf30e23a7360c46feb2226652df2fe,automatico <actions@users.noreply.github.com>,2020-09-04 05:12:47 +0000,Data-e-ora-aggiornamento-2020-09-04T05-12-47-00-00,1,0,openregio_procedureGestione.csv,https://github.com/aborruso/firstaction/commit/a1f2131f84cf30e23a7360c46feb2226652df2fe
c4ce3598e646bdea594564e3044f3cf3c755c9ab,automatico <actions@users.noreply.github.com>,2020-09-03 05:12:45 +0000,Data-e-ora-aggiornamento-2020-09-03T05-12-45-00-00,4,1,openregio_aziendeGestione.csv,https://github.com/aborruso/firstaction/commit/c4ce3598e646bdea594564e3044f3cf3c755c9ab
c4ce3598e646bdea594564e3044f3cf3c755c9ab,automatico <actions@users.noreply.github.com>,2020-09-03 05:12:45 +0000,Data-e-ora-aggiornamento-2020-09-03T05-12-45-00-00,11,3,openregio_immobiliGestione.csv,https://github.com/aborruso/firstaction/commit/c4ce3598e646bdea594564e3044f3cf3c755c9ab
c4ce3598e646bdea594564e3044f3cf3c755c9ab,automatico <actions@users.noreply.github.com>,2020-09-03 05:12:45 +0000,Data-e-ora-aggiornamento-2020-09-03T05-12-45-00-00,8,3,openregio_procedureGestione.csv,https://github.com/aborruso/firstaction/commit/c4ce3598e646bdea594564e3044f3cf3c755c9ab
5df6d3f8db8da005fbffa9b992199bd280f13235,automatico <actions@users.noreply.github.com>,2020-09-02 05:12:14 +0000,Data-e-ora-aggiornamento-2020-09-02T05-12-14-00-00,17,0,openregio_immobiliGestione.csv,https://github.com/aborruso/firstaction/commit/5df6d3f8db8da005fbffa9b992199bd280f13235
5df6d3f8db8da005fbffa9b992199bd280f13235,automatico <actions@users.noreply.github.com>,2020-09-02 05:12:14 +0000,Data-e-ora-aggiornamento-2020-09-02T05-12-14-00-00,3,1,openregio_procedureGestione.csv,https://github.com/aborruso/firstaction/commit/5df6d3f8db8da005fbffa9b992199bd280f13235
05539cd1ffe8edeee151c89893ff6c44202abafb,automatico <actions@users.noreply.github.com>,2020-09-01 05:12:37 +0000,Data-e-ora-aggiornamento-2020-09-01T05-12-37-00-00,17,1,openregio_aziendeGestione.csv,https://github.com/aborruso/firstaction/commit/05539cd1ffe8edeee151c89893ff6c44202abafb
05539cd1ffe8edeee151c89893ff6c44202abafb,automatico <actions@users.noreply.github.com>,2020-09-01 05:12:37 +0000,Data-e-ora-aggiornamento-2020-09-01T05-12-37-00-00,36,0,openregio_immobiliGestione.csv,https://github.com/aborruso/firstaction/commit/05539cd1ffe8edeee151c89893ff6c44202abafb
05539cd1ffe8edeee151c89893ff6c44202abafb,automatico <actions@users.noreply.github.com>,2020-09-01 05:12:37 +0000,Data-e-ora-aggiornamento-2020-09-01T05-12-37-00-00,8,1,openregio_procedureGestione.csv,https://github.com/aborruso/firstaction/commit/05539cd1ffe8edeee151c89893ff6c44202abafb
735c693165b05fbd48a79764a6d115c9085f6535,automatico <actions@users.noreply.github.com>,2020-08-29 05:10:22 +0000,Data-e-ora-aggiornamento-2020-08-29T05-10-22-00-00,1,0,openregio_immobiliGestione.csv,https://github.com/aborruso/firstaction/commit/735c693165b05fbd48a79764a6d115c9085f6535
735c693165b05fbd48a79764a6d115c9085f6535,automatico <actions@users.noreply.github.com>,2020-08-29 05:10:22 +0000,Data-e-ora-aggiornamento-2020-08-29T05-10-22-00-00,3,1,openregio_procedureGestione.csv,https://github.com/aborruso/firstaction/commit/735c693165b05fbd48a79764a6d115c9085f6535
f24e058eed742c816d759c222e8b0fd871826419,automatico <actions@users.noreply.github.com>,2020-08-28 05:12:09 +0000,Data-e-ora-aggiornamento-2020-08-28T05-12-09-00-00,2,3,openregio_immobiliGestione.csv,https://github.com/aborruso/firstaction/commit/f24e058eed742c816d759c222e8b0fd871826419
f24e058eed742c816d759c222e8b0fd871826419,automatico <actions@users.noreply.github.com>,2020-08-28 05:12:09 +0000,Data-e-ora-aggiornamento-2020-08-28T05-12-09-00-00,2,3,openregio_procedureGestione.csv,https://github.com/aborruso/firstaction/commit/f24e058eed742c816d759c222e8b0fd871826419
aff8d5bbcb34269e9dc57814245c1ac97fe7cb85,automatico <actions@users.noreply.github.com>,2020-08-26 05:11:33 +0000,Data-e-ora-aggiornamento-2020-08-26T05-11-33-00-00,2,2,openregio_immobiliGestione.csv,https://github.com/aborruso/firstaction/commit/aff8d5bbcb34269e9dc57814245c1ac97fe7cb85
bb47d20960119bc564fda6629d0b32c4936fe410,automatico <actions@users.noreply.github.com>,2020-08-25 05:11:31 +0000,Data-e-ora-aggiornamento-2020-08-25T05-11-31-00-00,1,1,openregio_aziendeGestione.csv,https://github.com/aborruso/firstaction/commit/bb47d20960119bc564fda6629d0b32c4936fe410
bb47d20960119bc564fda6629d0b32c4936fe410,automatico <actions@users.noreply.github.com>,2020-08-25 05:11:31 +0000,Data-e-ora-aggiornamento-2020-08-25T05-11-31-00-00,3,16,openregio_immobiliGestione.csv,https://github.com/aborruso/firstaction/commit/bb47d20960119bc564fda6629d0b32c4936fe410
f5cab4305b6f490d710f5666de8110f8a41772fd,automatico <actions@users.noreply.github.com>,2020-08-22 05:10:59 +0000,Data-e-ora-aggiornamento-2020-08-22T05-10-59-00-00,32,5,openregio_immobiliGestione.csv,https://github.com/aborruso/firstaction/commit/f5cab4305b6f490d710f5666de8110f8a41772fd
e9159b45cb2a04527c7077ee67c9fc81ac40221d,automatico <actions@users.noreply.github.com>,2020-08-21 05:11:18 +0000,Data-e-ora-aggiornamento-2020-08-21T05-11-18-00-00,3,3,openregio_immobiliGestione.csv,https://github.com/aborruso/firstaction/commit/e9159b45cb2a04527c7077ee67c9fc81ac40221d
e4dd381f34a824db1bbc578b1101b332941376eb,automatico <actions@users.noreply.github.com>,2020-08-20 05:11:40 +0000,Data-e-ora-aggiornamento-2020-08-20T05-11-40-00-00,1,0,openregio_aziendeGestione.csv,https://github.com/aborruso/firstaction/commit/e4dd381f34a824db1bbc578b1101b332941376eb
e4dd381f34a824db1bbc578b1101b332941376eb,automatico <actions@users.noreply.github.com>,2020-08-20 05:11:40 +0000,Data-e-ora-aggiornamento-2020-08-20T05-11-40-00-00,4,11,openregio_immobiliGestione.csv,https://github.com/aborruso/firstaction/commit/e4dd381f34a824db1bbc578b1101b332941376eb
e4dd381f34a824db1bbc578b1101b332941376eb,automatico <actions@users.noreply.github.com>,2020-08-20 05:11:40 +0000,Data-e-ora-aggiornamento-2020-08-20T05-11-40-00-00,3,3,openregio_procedureGestione.csv,https://github.com/aborruso/firstaction/commit/e4dd381f34a824db1bbc578b1101b332941376eb
d73d2179a600d3c3c897bde31414058578531d7e,automatico <actions@users.noreply.github.com>,2020-08-19 05:11:13 +0000,Data-e-ora-aggiornamento-2020-08-19T05-11-13-00-00,0,10,openregio_immobiliGestione.csv,https://github.com/aborruso/firstaction/commit/d73d2179a600d3c3c897bde31414058578531d7e
d73d2179a600d3c3c897bde31414058578531d7e,automatico <actions@users.noreply.github.com>,2020-08-19 05:11:13 +0000,Data-e-ora-aggiornamento-2020-08-19T05-11-13-00-00,3,3,openregio_procedureGestione.csv,https://github.com/aborruso/firstaction/commit/d73d2179a600d3c3c897bde31414058578531d7e
18a9a5d6eca726493be1f46aace8b0e39c4baa38,automatico <actions@users.noreply.github.com>,2020-08-18 05:11:00 +0000,Data-e-ora-aggiornamento-2020-08-18T05-11-00-00-00,1,0,openregio_immobiliGestione.csv,https://github.com/aborruso/firstaction/commit/18a9a5d6eca726493be1f46aace8b0e39c4baa38
18a9a5d6eca726493be1f46aace8b0e39c4baa38,automatico <actions@users.noreply.github.com>,2020-08-18 05:11:00 +0000,Data-e-ora-aggiornamento-2020-08-18T05-11-00-00-00,4,1,openregio_procedureGestione.csv,https://github.com/aborruso/firstaction/commit/18a9a5d6eca726493be1f46aace8b0e39c4baa38
fe914ff6071db1832cfcaa31753eab89bb3b39e8,automatico <actions@users.noreply.github.com>,2020-08-17 05:11:22 +0000,Data-e-ora-aggiornamento-2020-08-17T05-11-22-00-00,0,11,openregio_immobiliGestione.csv,https://github.com/aborruso/firstaction/commit/fe914ff6071db1832cfcaa31753eab89bb3b39e8
9f759a86a886dc214f0f45b252e0400f2a171021,automatico <actions@users.noreply.github.com>,2020-08-15 05:10:57 +0000,Data-e-ora-aggiornamento-2020-08-15T05-10-57-00-00,1,5,openregio_immobiliGestione.csv,https://github.com/aborruso/firstaction/commit/9f759a86a886dc214f0f45b252e0400f2a171021
8b2d1142da3b92fc4f9f0a598beda74accedaa1d,automatico <actions@users.noreply.github.com>,2020-08-14 05:11:16 +0000,Data-e-ora-aggiornamento-2020-08-14T05-11-16-00-00,2,1,openregio_aziendeGestione.csv,https://github.com/aborruso/firstaction/commit/8b2d1142da3b92fc4f9f0a598beda74accedaa1d
8b2d1142da3b92fc4f9f0a598beda74accedaa1d,automatico <actions@users.noreply.github.com>,2020-08-14 05:11:16 +0000,Data-e-ora-aggiornamento-2020-08-14T05-11-16-00-00,0,20,openregio_immobiliGestione.csv,https://github.com/aborruso/firstaction/commit/8b2d1142da3b92fc4f9f0a598beda74accedaa1d
8b2d1142da3b92fc4f9f0a598beda74accedaa1d,automatico <actions@users.noreply.github.com>,2020-08-14 05:11:16 +0000,Data-e-ora-aggiornamento-2020-08-14T05-11-16-00-00,1,0,openregio_procedureGestione.csv,https://github.com/aborruso/firstaction/commit/8b2d1142da3b92fc4f9f0a598beda74accedaa1d
f7f8a5c40526c60de022b9163953b5d3d143a2b8,automatico <actions@users.noreply.github.com>,2020-08-13 05:14:18 +0000,Data-e-ora-aggiornamento-2020-08-13T05-14-18-00-00,2,4,openregio_immobiliGestione.csv,https://github.com/aborruso/firstaction/commit/f7f8a5c40526c60de022b9163953b5d3d143a2b8
f7f8a5c40526c60de022b9163953b5d3d143a2b8,automatico <actions@users.noreply.github.com>,2020-08-13 05:14:18 +0000,Data-e-ora-aggiornamento-2020-08-13T05-14-18-00-00,2,2,openregio_procedureGestione.csv,https://github.com/aborruso/firstaction/commit/f7f8a5c40526c60de022b9163953b5d3d143a2b8
3b05e91c8d1140947d551c21ba2a1d48eb3a0256,automatico <actions@users.noreply.github.com>,2020-08-12 05:12:50 +0000,Data-e-ora-aggiornamento-2020-08-12T05-12-50-00-00,1,0,openregio_aziendeGestione.csv,https://github.com/aborruso/firstaction/commit/3b05e91c8d1140947d551c21ba2a1d48eb3a0256
3b05e91c8d1140947d551c21ba2a1d48eb3a0256,automatico <actions@users.noreply.github.com>,2020-08-12 05:12:50 +0000,Data-e-ora-aggiornamento-2020-08-12T05-12-50-00-00,0,1,openregio_immobiliGestione.csv,https://github.com/aborruso/firstaction/commit/3b05e91c8d1140947d551c21ba2a1d48eb3a0256
a424d61a1246c43c1130e42bb4ca6c57f1dd30cf,automatico <actions@users.noreply.github.com>,2020-08-11 05:15:15 +0000,Data-e-ora-aggiornamento-2020-08-11T05-15-15-00-00,2,2,openregio_aziendeGestione.csv,https://github.com/aborruso/firstaction/commit/a424d61a1246c43c1130e42bb4ca6c57f1dd30cf
a424d61a1246c43c1130e42bb4ca6c57f1dd30cf,automatico <actions@users.noreply.github.com>,2020-08-11 05:15:15 +0000,Data-e-ora-aggiornamento-2020-08-11T05-15-15-00-00,3,7,openregio_immobiliGestione.csv,https://github.com/aborruso/firstaction/commit/a424d61a1246c43c1130e42bb4ca6c57f1dd30cf
a424d61a1246c43c1130e42bb4ca6c57f1dd30cf,automatico <actions@users.noreply.github.com>,2020-08-11 05:15:15 +0000,Data-e-ora-aggiornamento-2020-08-11T05-15-15-00-00,3,2,openregio_procedureGestione.csv,https://github.com/aborruso/firstaction/commit/a424d61a1246c43c1130e42bb4ca6c57f1dd30cf
3c803e3d743e3c4154f799ea3d8639b1dc4f6a43,automatico <actions@users.noreply.github.com>,2020-08-08 05:10:30 +0000,Data-e-ora-aggiornamento-2020-08-08T05-10-30-00-00,22,3,openregio_aziendeGestione.csv,https://github.com/aborruso/firstaction/commit/3c803e3d743e3c4154f799ea3d8639b1dc4f6a43
3c803e3d743e3c4154f799ea3d8639b1dc4f6a43,automatico <actions@users.noreply.github.com>,2020-08-08 05:10:30 +0000,Data-e-ora-aggiornamento-2020-08-08T05-10-30-00-00,61,13,openregio_immobiliGestione.csv,https://github.com/aborruso/firstaction/commit/3c803e3d743e3c4154f799ea3d8639b1dc4f6a43
3c803e3d743e3c4154f799ea3d8639b1dc4f6a43,automatico <actions@users.noreply.github.com>,2020-08-08 05:10:30 +0000,Data-e-ora-aggiornamento-2020-08-08T05-10-30-00-00,15,6,openregio_procedureGestione.csv,https://github.com/aborruso/firstaction/commit/3c803e3d743e3c4154f799ea3d8639b1dc4f6a43
98625a916cd9429fb56da3be703b2a1c659b42cb,automatico <actions@users.noreply.github.com>,2020-08-07 05:14:56 +0000,Data-e-ora-aggiornamento-2020-08-07T05-14-56-00-00,14,0,openregio_aziendeGestione.csv,https://github.com/aborruso/firstaction/commit/98625a916cd9429fb56da3be703b2a1c659b42cb
98625a916cd9429fb56da3be703b2a1c659b42cb,automatico <actions@users.noreply.github.com>,2020-08-07 05:14:56 +0000,Data-e-ora-aggiornamento-2020-08-07T05-14-56-00-00,128,4,openregio_immobiliGestione.csv,https://github.com/aborruso/firstaction/commit/98625a916cd9429fb56da3be703b2a1c659b42cb
98625a916cd9429fb56da3be703b2a1c659b42cb,automatico <actions@users.noreply.github.com>,2020-08-07 05:14:56 +0000,Data-e-ora-aggiornamento-2020-08-07T05-14-56-00-00,34,3,openregio_procedureGestione.csv,https://github.com/aborruso/firstaction/commit/98625a916cd9429fb56da3be703b2a1c659b42cb
d5a4c78279cb13ef254db3a4ac7e45fad7ce6783,automatico <actions@users.noreply.github.com>,2020-08-06 05:10:35 +0000,Data-e-ora-aggiornamento-2020-08-06T05-10-35-00-00,29,0,openregio_aziendeGestione.csv,https://github.com/aborruso/firstaction/commit/d5a4c78279cb13ef254db3a4ac7e45fad7ce6783
d5a4c78279cb13ef254db3a4ac7e45fad7ce6783,automatico <actions@users.noreply.github.com>,2020-08-06 05:10:35 +0000,Data-e-ora-aggiornamento-2020-08-06T05-10-35-00-00,329,1,openregio_immobiliGestione.csv,https://github.com/aborruso/firstaction/commit/d5a4c78279cb13ef254db3a4ac7e45fad7ce6783
d5a4c78279cb13ef254db3a4ac7e45fad7ce6783,automatico <actions@users.noreply.github.com>,2020-08-06 05:10:35 +0000,Data-e-ora-aggiornamento-2020-08-06T05-10-35-00-00,28,4,openregio_procedureGestione.csv,https://github.com/aborruso/firstaction/commit/d5a4c78279cb13ef254db3a4ac7e45fad7ce6783
8942d42118dc16960e6886da433e9644c20644a7,automatico <actions@users.noreply.github.com>,2020-08-05 05:11:52 +0000,Data-e-ora-aggiornamento-2020-08-05T05-11-52-00-00,45,0,openregio_aziendeGestione.csv,https://github.com/aborruso/firstaction/commit/8942d42118dc16960e6886da433e9644c20644a7
8942d42118dc16960e6886da433e9644c20644a7,automatico <actions@users.noreply.github.com>,2020-08-05 05:11:52 +0000,Data-e-ora-aggiornamento-2020-08-05T05-11-52-00-00,217,0,openregio_immobiliGestione.csv,https://github.com/aborruso/firstaction/commit/8942d42118dc16960e6886da433e9644c20644a7
8942d42118dc16960e6886da433e9644c20644a7,automatico <actions@users.noreply.github.com>,2020-08-05 05:11:52 +0000,Data-e-ora-aggiornamento-2020-08-05T05-11-52-00-00,19,2,openregio_procedureGestione.csv,https://github.com/aborruso/firstaction/commit/8942d42118dc16960e6886da433e9644c20644a7
43fd636439949776485cc04a8f06bd5081f5687c,automatico <actions@users.noreply.github.com>,2020-08-04 05:10:28 +0000,Data-e-ora-aggiornamento-2020-08-04T05-10-28-00-00,18,1,openregio_aziendeGestione.csv,https://github.com/aborruso/firstaction/commit/43fd636439949776485cc04a8f06bd5081f5687c
43fd636439949776485cc04a8f06bd5081f5687c,automatico <actions@users.noreply.github.com>,2020-08-04 05:10:28 +0000,Data-e-ora-aggiornamento-2020-08-04T05-10-28-00-00,149,15,openregio_immobiliGestione.csv,https://github.com/aborruso/firstaction/commit/43fd636439949776485cc04a8f06bd5081f5687c
43fd636439949776485cc04a8f06bd5081f5687c,automatico <actions@users.noreply.github.com>,2020-08-04 05:10:28 +0000,Data-e-ora-aggiornamento-2020-08-04T05-10-28-00-00,30,1,openregio_procedureGestione.csv,https://github.com/aborruso/firstaction/commit/43fd636439949776485cc04a8f06bd5081f5687c
1af6a8833e38f956ee3d7e4fce05817079788f37,automatico <actions@users.noreply.github.com>,2020-08-02 05:10:11 +0000,Data-e-ora-aggiornamento-2020-08-02T05-10-11-00-00,0,12,openregio_immobiliGestione.csv,https://github.com/aborruso/firstaction/commit/1af6a8833e38f956ee3d7e4fce05817079788f37
a500c3e306f4d0e10fed7f01dc294103565a643a,automatico <actions@users.noreply.github.com>,2020-08-01 05:12:18 +0000,Data-e-ora-aggiornamento-2020-08-01T05-12-18-00-00,2,0,openregio_aziendeGestione.csv,https://github.com/aborruso/firstaction/commit/a500c3e306f4d0e10fed7f01dc294103565a643a
a500c3e306f4d0e10fed7f01dc294103565a643a,automatico <actions@users.noreply.github.com>,2020-08-01 05:12:18 +0000,Data-e-ora-aggiornamento-2020-08-01T05-12-18-00-00,38,0,openregio_immobiliGestione.csv,https://github.com/aborruso/firstaction/commit/a500c3e306f4d0e10fed7f01dc294103565a643a
a500c3e306f4d0e10fed7f01dc294103565a643a,automatico <actions@users.noreply.github.com>,2020-08-01 05:12:18 +0000,Data-e-ora-aggiornamento-2020-08-01T05-12-18-00-00,6,1,openregio_procedureGestione.csv,https://github.com/aborruso/firstaction/commit/a500c3e306f4d0e10fed7f01dc294103565a643a
044b70d882cc74ba956d1527609a9881c5868503,automatico <actions@users.noreply.github.com>,2020-07-31 05:10:46 +0000,Data-e-ora-aggiornamento-2020-07-31T05-10-46-00-00,0,1,openregio_aziendeGestione.csv,https://github.com/aborruso/firstaction/commit/044b70d882cc74ba956d1527609a9881c5868503
044b70d882cc74ba956d1527609a9881c5868503,automatico <actions@users.noreply.github.com>,2020-07-31 05:10:46 +0000,Data-e-ora-aggiornamento-2020-07-31T05-10-46-00-00,0,5,openregio_immobiliGestione.csv,https://github.com/aborruso/firstaction/commit/044b70d882cc74ba956d1527609a9881c5868503
43c0273bfed79c76ce6b808d62e425e66001effb,automatico <actions@users.noreply.github.com>,2020-07-30 05:13:20 +0000,Data-e-ora-aggiornamento-2020-07-30T05-13-20-00-00,1,3,openregio_aziendeGestione.csv,https://github.com/aborruso/firstaction/commit/43c0273bfed79c76ce6b808d62e425e66001effb
43c0273bfed79c76ce6b808d62e425e66001effb,automatico <actions@users.noreply.github.com>,2020-07-30 05:13:20 +0000,Data-e-ora-aggiornamento-2020-07-30T05-13-20-00-00,6,2,openregio_immobiliGestione.csv,https://github.com/aborruso/firstaction/commit/43c0273bfed79c76ce6b808d62e425e66001effb
43c0273bfed79c76ce6b808d62e425e66001effb,automatico <actions@users.noreply.github.com>,2020-07-30 05:13:20 +0000,Data-e-ora-aggiornamento-2020-07-30T05-13-20-00-00,4,2,openregio_procedureGestione.csv,https://github.com/aborruso/firstaction/commit/43c0273bfed79c76ce6b808d62e425e66001effb
cd5399e143768a174b1ba20d5bfe236c662d3d4a,automatico <actions@users.noreply.github.com>,2020-07-28 05:10:02 +0000,Data-e-ora-aggiornamento-2020-07-28T05-10-02-00-00,1,1,openregio_aziendeGestione.csv,https://github.com/aborruso/firstaction/commit/cd5399e143768a174b1ba20d5bfe236c662d3d4a
cd5399e143768a174b1ba20d5bfe236c662d3d4a,automatico <actions@users.noreply.github.com>,2020-07-28 05:10:02 +0000,Data-e-ora-aggiornamento-2020-07-28T05-10-02-00-00,6,6,openregio_immobiliGestione.csv,https://github.com/aborruso/firstaction/commit/cd5399e143768a174b1ba20d5bfe236c662d3d4a
cd5399e143768a174b1ba20d5bfe236c662d3d4a,automatico <actions@users.noreply.github.com>,2020-07-28 05:10:02 +0000,Data-e-ora-aggiornamento-2020-07-28T05-10-02-00-00,1,1,openregio_procedureGestione.csv,https://github.com/aborruso/firstaction/commit/cd5399e143768a174b1ba20d5bfe236c662d3d4a
69c203a68d87044a859a3d66428672bafb2367c7,automatico <actions@users.noreply.github.com>,2020-07-25 05:09:36 +0000,Data-e-ora-aggiornamento-2020-07-25T05-09-36-00-00,1,1,openregio_immobiliGestione.csv,https://github.com/aborruso/firstaction/commit/69c203a68d87044a859a3d66428672bafb2367c7
548b08e20954a55057c3026af2b40c4e648f2688,automatico <actions@users.noreply.github.com>,2020-07-24 05:09:32 +0000,Data-e-ora-aggiornamento-2020-07-24T05-09-32-00-00,1,1,openregio_aziendeGestione.csv,https://github.com/aborruso/firstaction/commit/548b08e20954a55057c3026af2b40c4e648f2688
548b08e20954a55057c3026af2b40c4e648f2688,automatico <actions@users.noreply.github.com>,2020-07-24 05:09:32 +0000,Data-e-ora-aggiornamento-2020-07-24T05-09-32-00-00,13,13,openregio_immobiliGestione.csv,https://github.com/aborruso/firstaction/commit/548b08e20954a55057c3026af2b40c4e648f2688
548b08e20954a55057c3026af2b40c4e648f2688,automatico <actions@users.noreply.github.com>,2020-07-24 05:09:32 +0000,Data-e-ora-aggiornamento-2020-07-24T05-09-32-00-00,2,2,openregio_procedureGestione.csv,https://github.com/aborruso/firstaction/commit/548b08e20954a55057c3026af2b40c4e648f2688
c8c8757ab448a072984cc3e0145ff6b4e8b69b4f,automatico <actions@users.noreply.github.com>,2020-07-22 05:10:43 +0000,Data-e-ora-aggiornamento-2020-07-22T05-10-43-00-00,5,8,openregio_immobiliGestione.csv,https://github.com/aborruso/firstaction/commit/c8c8757ab448a072984cc3e0145ff6b4e8b69b4f
c8c8757ab448a072984cc3e0145ff6b4e8b69b4f,automatico <actions@users.noreply.github.com>,2020-07-22 05:10:43 +0000,Data-e-ora-aggiornamento-2020-07-22T05-10-43-00-00,5,5,openregio_procedureGestione.csv,https://github.com/aborruso/firstaction/commit/c8c8757ab448a072984cc3e0145ff6b4e8b69b4f
a704b4dd72d0b4b67f4581e1e4c3787d063b1bcb,automatico <actions@users.noreply.github.com>,2020-07-21 05:09:47 +0000,Data-e-ora-aggiornamento-2020-07-21T05-09-47-00-00,2,2,openregio_immobiliGestione.csv,https://github.com/aborruso/firstaction/commit/a704b4dd72d0b4b67f4581e1e4c3787d063b1bcb
a704b4dd72d0b4b67f4581e1e4c3787d063b1bcb,automatico <actions@users.noreply.github.com>,2020-07-21 05:09:47 +0000,Data-e-ora-aggiornamento-2020-07-21T05-09-47-00-00,1,1,openregio_procedureGestione.csv,https://github.com/aborruso/firstaction/commit/a704b4dd72d0b4b67f4581e1e4c3787d063b1bcb
7705a6033a42c40813ed2608bb1a07aacd174656,automatico <actions@users.noreply.github.com>,2020-07-19 05:09:11 +0000,Data-e-ora-aggiornamento-2020-07-19T05-09-11-00-00,2,2,openregio_immobiliGestione.csv,https://github.com/aborruso/firstaction/commit/7705a6033a42c40813ed2608bb1a07aacd174656
7eaf3defbf2cdd1c3c454605ce233c405c04a7c9,automatico <actions@users.noreply.github.com>,2020-07-18 05:09:37 +0000,Data-e-ora-aggiornamento-2020-07-18T05-09-37-00-00,0,2,openregio_immobiliGestione.csv,https://github.com/aborruso/firstaction/commit/7eaf3defbf2cdd1c3c454605ce233c405c04a7c9
7eaf3defbf2cdd1c3c454605ce233c405c04a7c9,automatico <actions@users.noreply.github.com>,2020-07-18 05:09:37 +0000,Data-e-ora-aggiornamento-2020-07-18T05-09-37-00-00,1,1,openregio_procedureGestione.csv,https://github.com/aborruso/firstaction/commit/7eaf3defbf2cdd1c3c454605ce233c405c04a7c9
a772e92ee9da0289ed4ff9c4e962bf1451629c1a,automatico <actions@users.noreply.github.com>,2020-07-17 05:09:25 +0000,Data-e-ora-aggiornamento-2020-07-17T05-09-25-00-00,1,1,openregio_aziendeGestione.csv,https://github.com/aborruso/firstaction/commit/a772e92ee9da0289ed4ff9c4e962bf1451629c1a
a772e92ee9da0289ed4ff9c4e962bf1451629c1a,automatico <actions@users.noreply.github.com>,2020-07-17 05:09:25 +0000,Data-e-ora-aggiornamento-2020-07-17T05-09-25-00-00,0,2,openregio_immobiliGestione.csv,https://github.com/aborruso/firstaction/commit/a772e92ee9da0289ed4ff9c4e962bf1451629c1a
a772e92ee9da0289ed4ff9c4e962bf1451629c1a,automatico <actions@users.noreply.github.com>,2020-07-17 05:09:25 +0000,Data-e-ora-aggiornamento-2020-07-17T05-09-25-00-00,2,2,openregio_procedureGestione.csv,https://github.com/aborruso/firstaction/commit/a772e92ee9da0289ed4ff9c4e962bf1451629c1a
7879de91628945c867b051cb1db125bb2516a847,automatico <actions@users.noreply.github.com>,2020-07-16 05:09:05 +0000,Data-e-ora-aggiornamento-2020-07-16T05-09-05-00-00,15,0,openregio_aziendeGestione.csv,https://github.com/aborruso/firstaction/commit/7879de91628945c867b051cb1db125bb2516a847
7879de91628945c867b051cb1db125bb2516a847,automatico <actions@users.noreply.github.com>,2020-07-16 05:09:05 +0000,Data-e-ora-aggiornamento-2020-07-16T05-09-05-00-00,19,1,openregio_immobiliGestione.csv,https://github.com/aborruso/firstaction/commit/7879de91628945c867b051cb1db125bb2516a847
7879de91628945c867b051cb1db125bb2516a847,automatico <actions@users.noreply.github.com>,2020-07-16 05:09:05 +0000,Data-e-ora-aggiornamento-2020-07-16T05-09-05-00-00,2,1,openregio_procedureGestione.csv,https://github.com/aborruso/firstaction/commit/7879de91628945c867b051cb1db125bb2516a847
f08185aae0e51237011ecd760bcb4e85c72c9184,automatico <actions@users.noreply.github.com>,2020-07-15 05:12:39 +0000,Data-e-ora-aggiornamento-2020-07-15T05-12-39-00-00,4,4,openregio_aziendeGestione.csv,https://github.com/aborruso/firstaction/commit/f08185aae0e51237011ecd760bcb4e85c72c9184
f08185aae0e51237011ecd760bcb4e85c72c9184,automatico <actions@users.noreply.github.com>,2020-07-15 05:12:39 +0000,Data-e-ora-aggiornamento-2020-07-15T05-12-39-00-00,14,5,openregio_immobiliGestione.csv,https://github.com/aborruso/firstaction/commit/f08185aae0e51237011ecd760bcb4e85c72c9184
f08185aae0e51237011ecd760bcb4e85c72c9184,automatico <actions@users.noreply.github.com>,2020-07-15 05:12:39 +0000,Data-e-ora-aggiornamento-2020-07-15T05-12-39-00-00,1,1,openregio_procedureGestione.csv,https://github.com/aborruso/firstaction/commit/f08185aae0e51237011ecd760bcb4e85c72c9184
c161d97886212e467479281a12d0d2cddf86eeb2,automatico <actions@users.noreply.github.com>,2020-07-14 05:08:51 +0000,Data-e-ora-aggiornamento-2020-07-14T05-08-51-00-00,1,1,openregio_immobiliGestione.csv,https://github.com/aborruso/firstaction/commit/c161d97886212e467479281a12d0d2cddf86eeb2
c161d97886212e467479281a12d0d2cddf86eeb2,automatico <actions@users.noreply.github.com>,2020-07-14 05:08:51 +0000,Data-e-ora-aggiornamento-2020-07-14T05-08-51-00-00,1,0,openregio_procedureGestione.csv,https://github.com/aborruso/firstaction/commit/c161d97886212e467479281a12d0d2cddf86eeb2
2c4f17a47d29a11a27e076e2a7f8a6de0976d246,automatico <actions@users.noreply.github.com>,2020-07-11 05:08:50 +0000,Data-e-ora-aggiornamento-2020-07-11T05-08-50-00-00,6,1,openregio_immobiliGestione.csv,https://github.com/aborruso/firstaction/commit/2c4f17a47d29a11a27e076e2a7f8a6de0976d246
79e08bb92905695bcdd61163f66986b7652282ed,automatico <actions@users.noreply.github.com>,2020-07-10 05:09:03 +0000,Data-e-ora-aggiornamento-2020-07-10T05-09-03-00-00,11,10,openregio_immobiliGestione.csv,https://github.com/aborruso/firstaction/commit/79e08bb92905695bcdd61163f66986b7652282ed
79e08bb92905695bcdd61163f66986b7652282ed,automatico <actions@users.noreply.github.com>,2020-07-10 05:09:03 +0000,Data-e-ora-aggiornamento-2020-07-10T05-09-03-00-00,1,1,openregio_procedureGestione.csv,https://github.com/aborruso/firstaction/commit/79e08bb92905695bcdd61163f66986b7652282ed
7ad0c5d7e7fb00c7b585182a995346d03b8f97b1,automatico <actions@users.noreply.github.com>,2020-07-09 05:09:09 +0000,Data-e-ora-aggiornamento-2020-07-09T05-09-09-00-00,1,2,openregio_aziendeGestione.csv,https://github.com/aborruso/firstaction/commit/7ad0c5d7e7fb00c7b585182a995346d03b8f97b1
7ad0c5d7e7fb00c7b585182a995346d03b8f97b1,automatico <actions@users.noreply.github.com>,2020-07-09 05:09:09 +0000,Data-e-ora-aggiornamento-2020-07-09T05-09-09-00-00,1,1,openregio_procedureGestione.csv,https://github.com/aborruso/firstaction/commit/7ad0c5d7e7fb00c7b585182a995346d03b8f97b1
d30684844e969b053d67004512e403371d332388,automatico <actions@users.noreply.github.com>,2020-07-08 05:09:05 +0000,Data-e-ora-aggiornamento-2020-07-08T05-09-05-00-00,2,3,openregio_aziendeGestione.csv,https://github.com/aborruso/firstaction/commit/d30684844e969b053d67004512e403371d332388
d30684844e969b053d67004512e403371d332388,automatico <actions@users.noreply.github.com>,2020-07-08 05:09:05 +0000,Data-e-ora-aggiornamento-2020-07-08T05-09-05-00-00,8,8,openregio_immobiliGestione.csv,https://github.com/aborruso/firstaction/commit/d30684844e969b053d67004512e403371d332388
d30684844e969b053d67004512e403371d332388,automatico <actions@users.noreply.github.com>,2020-07-08 05:09:05 +0000,Data-e-ora-aggiornamento-2020-07-08T05-09-05-00-00,2,2,openregio_procedureGestione.csv,https://github.com/aborruso/firstaction/commit/d30684844e969b053d67004512e403371d332388
7063ee42ea642c76c2c54ab0debebef6158e00bd,automatico <actions@users.noreply.github.com>,2020-07-04 05:08:41 +0000,Data-e-ora-aggiornamento-2020-07-04T05-08-41-00-00,1,3,openregio_aziendeGestione.csv,https://github.com/aborruso/firstaction/commit/7063ee42ea642c76c2c54ab0debebef6158e00bd
7063ee42ea642c76c2c54ab0debebef6158e00bd,automatico <actions@users.noreply.github.com>,2020-07-04 05:08:41 +0000,Data-e-ora-aggiornamento-2020-07-04T05-08-41-00-00,6,8,openregio_immobiliGestione.csv,https://github.com/aborruso/firstaction/commit/7063ee42ea642c76c2c54ab0debebef6158e00bd
7063ee42ea642c76c2c54ab0debebef6158e00bd,automatico <actions@users.noreply.github.com>,2020-07-04 05:08:41 +0000,Data-e-ora-aggiornamento-2020-07-04T05-08-41-00-00,2,2,openregio_procedureGestione.csv,https://github.com/aborruso/firstaction/commit/7063ee42ea642c76c2c54ab0debebef6158e00bd
4d863bee050c9f920d1c398ddfc50ba1c082a01c,automatico <actions@users.noreply.github.com>,2020-07-03 05:09:38 +0000,Data-e-ora-aggiornamento-2020-07-03T05-09-38-00-00,0,2,openregio_aziendeGestione.csv,https://github.com/aborruso/firstaction/commit/4d863bee050c9f920d1c398ddfc50ba1c082a01c
4d863bee050c9f920d1c398ddfc50ba1c082a01c,automatico <actions@users.noreply.github.com>,2020-07-03 05:09:38 +0000,Data-e-ora-aggiornamento-2020-07-03T05-09-38-00-00,12,15,openregio_immobiliGestione.csv,https://github.com/aborruso/firstaction/commit/4d863bee050c9f920d1c398ddfc50ba1c082a01c
4d863bee050c9f920d1c398ddfc50ba1c082a01c,automatico <actions@users.noreply.github.com>,2020-07-03 05:09:38 +0000,Data-e-ora-aggiornamento-2020-07-03T05-09-38-00-00,3,3,openregio_procedureGestione.csv,https://github.com/aborruso/firstaction/commit/4d863bee050c9f920d1c398ddfc50ba1c082a01c
b6b558d80e04d1f1bd5a68b8d5c51cdb3dd444aa,automatico <actions@users.noreply.github.com>,2020-07-01 05:08:46 +0000,Data-e-ora-aggiornamento-2020-07-01T05-08-46-00-00,8,2,openregio_immobiliGestione.csv,https://github.com/aborruso/firstaction/commit/b6b558d80e04d1f1bd5a68b8d5c51cdb3dd444aa
b6b558d80e04d1f1bd5a68b8d5c51cdb3dd444aa,automatico <actions@users.noreply.github.com>,2020-07-01 05:08:46 +0000,Data-e-ora-aggiornamento-2020-07-01T05-08-46-00-00,1,1,openregio_procedureGestione.csv,https://github.com/aborruso/firstaction/commit/b6b558d80e04d1f1bd5a68b8d5c51cdb3dd444aa
0d0bf2bdef5bdfe0858bbe2f193fdd65d93895bd,automatico <actions@users.noreply.github.com>,2020-06-30 05:08:23 +0000,Data-e-ora-aggiornamento-2020-06-30T05-08-23-00-00,0,3,openregio_aziendeGestione.csv,https://github.com/aborruso/firstaction/commit/0d0bf2bdef5bdfe0858bbe2f193fdd65d93895bd
0d0bf2bdef5bdfe0858bbe2f193fdd65d93895bd,automatico <actions@users.noreply.github.com>,2020-06-30 05:08:23 +0000,Data-e-ora-aggiornamento-2020-06-30T05-08-23-00-00,1,1,openregio_procedureGestione.csv,https://github.com/aborruso/firstaction/commit/0d0bf2bdef5bdfe0858bbe2f193fdd65d93895bd
b47ebebe65768135908d93dc0e5e4c3bc1fcb5f5,automatico <actions@users.noreply.github.com>,2020-06-27 05:12:16 +0000,Data-e-ora-aggiornamento-2020-06-27T05-12-16-00-00,17,21,openregio_aziendeGestione.csv,https://github.com/aborruso/firstaction/commit/b47ebebe65768135908d93dc0e5e4c3bc1fcb5f5
b47ebebe65768135908d93dc0e5e4c3bc1fcb5f5,automatico <actions@users.noreply.github.com>,2020-06-27 05:12:16 +0000,Data-e-ora-aggiornamento-2020-06-27T05-12-16-00-00,19,44,openregio_immobiliGestione.csv,https://github.com/aborruso/firstaction/commit/b47ebebe65768135908d93dc0e5e4c3bc1fcb5f5
b47ebebe65768135908d93dc0e5e4c3bc1fcb5f5,automatico <actions@users.noreply.github.com>,2020-06-27 05:12:16 +0000,Data-e-ora-aggiornamento-2020-06-27T05-12-16-00-00,2,1,openregio_procedureGestione.csv,https://github.com/aborruso/firstaction/commit/b47ebebe65768135908d93dc0e5e4c3bc1fcb5f5
774bc9a14046f17b5827753416b6a678c6184360,automatico <actions@users.noreply.github.com>,2020-06-26 05:10:47 +0000,Data-e-ora-aggiornamento-2020-06-26T05-10-47-00-00,1,1,openregio_aziendeGestione.csv,https://github.com/aborruso/firstaction/commit/774bc9a14046f17b5827753416b6a678c6184360
774bc9a14046f17b5827753416b6a678c6184360,automatico <actions@users.noreply.github.com>,2020-06-26 05:10:47 +0000,Data-e-ora-aggiornamento-2020-06-26T05-10-47-00-00,21,21,openregio_immobiliGestione.csv,https://github.com/aborruso/firstaction/commit/774bc9a14046f17b5827753416b6a678c6184360
14b55bd802b47b04391e22b8bea8d2bbca47accc,automatico <actions@users.noreply.github.com>,2020-06-25 05:04:26 +0000,Data-e-ora-aggiornamento-2020-06-25T05-04-26-00-00,3,3,openregio_aziendeGestione.csv,https://github.com/aborruso/firstaction/commit/14b55bd802b47b04391e22b8bea8d2bbca47accc
7dc5c081724b44d79562a03214cc998e763b85f5,automatico <actions@users.noreply.github.com>,2020-06-24 07:09:12 +0000,Data-e-ora-aggiornamento-2020-06-24T07-09-12-00-00,3,5,openregio_aziendeGestione.csv,https://github.com/aborruso/firstaction/commit/7dc5c081724b44d79562a03214cc998e763b85f5
7dc5c081724b44d79562a03214cc998e763b85f5,automatico <actions@users.noreply.github.com>,2020-06-24 07:09:12 +0000,Data-e-ora-aggiornamento-2020-06-24T07-09-12-00-00,13,10,openregio_immobiliGestione.csv,https://github.com/aborruso/firstaction/commit/7dc5c081724b44d79562a03214cc998e763b85f5
f706fa1078437b4244733c783e6662f3bde4b7e8,automatico <actions@users.noreply.github.com>,2020-06-23 19:18:46 +0000,Data-e-ora-aggiornamento-2020-06-23T19-18-46-00-00,1,0,openregio_procedureGestione.csv,https://github.com/aborruso/firstaction/commit/f706fa1078437b4244733c783e6662f3bde4b7e8
ed34688f775a69f70adfa7364f5ba144912aa158,automatico <actions@users.noreply.github.com>,2020-06-23 00:55:49 +0000,Data-e-ora-aggiornamento-2020-06-23T00-55-48-00-00,1,2,openregio_aziendeGestione.csv,https://github.com/aborruso/firstaction/commit/ed34688f775a69f70adfa7364f5ba144912aa158
ed34688f775a69f70adfa7364f5ba144912aa158,automatico <actions@users.noreply.github.com>,2020-06-23 00:55:49 +0000,Data-e-ora-aggiornamento-2020-06-23T00-55-48-00-00,41,2,openregio_immobiliGestione.csv,https://github.com/aborruso/firstaction/commit/ed34688f775a69f70adfa7364f5ba144912aa158
dca39aecdf2676745d1fc55daabce353f6510028,automatico <actions@users.noreply.github.com>,2020-06-22 16:03:20 +0000,Data-e-ora-aggiornamento-2020-06-22T16-03-20-00-00,2,1,openregio_procedureGestione.csv,https://github.com/aborruso/firstaction/commit/dca39aecdf2676745d1fc55daabce353f6510028
d07c8960b7a4a70094dc82a1d163d79e839f8d8f,automatico <actions@users.noreply.github.com>,2020-06-22 12:55:58 +0000,Data-e-ora-aggiornamento-2020-06-22T12-55-58-00-00,1,0,openregio_procedureGestione.csv,https://github.com/aborruso/firstaction/commit/d07c8960b7a4a70094dc82a1d163d79e839f8d8f
2ba79d1290f4346461ef039f31d7c16446ab6e8c,automatico <actions@users.noreply.github.com>,2020-06-21 14:03:29 +0000,Data-e-ora-aggiornamento-2020-06-21T14-03-28-00-00,1330,0,openregio_aziendeDestinate.csv,https://github.com/aborruso/firstaction/commit/2ba79d1290f4346461ef039f31d7c16446ab6e8c
2ba79d1290f4346461ef039f31d7c16446ab6e8c,automatico <actions@users.noreply.github.com>,2020-06-21 14:03:29 +0000,Data-e-ora-aggiornamento-2020-06-21T14-03-28-00-00,2733,0,openregio_aziendeGestione.csv,https://github.com/aborruso/firstaction/commit/2ba79d1290f4346461ef039f31d7c16446ab6e8c
2ba79d1290f4346461ef039f31d7c16446ab6e8c,automatico <actions@users.noreply.github.com>,2020-06-21 14:03:29 +0000,Data-e-ora-aggiornamento-2020-06-21T14-03-28-00-00,16520,0,openregio_immobiliDestinati.csv,https://github.com/aborruso/firstaction/commit/2ba79d1290f4346461ef039f31d7c16446ab6e8c
2ba79d1290f4346461ef039f31d7c16446ab6e8c,automatico <actions@users.noreply.github.com>,2020-06-21 14:03:29 +0000,Data-e-ora-aggiornamento-2020-06-21T14-03-28-00-00,17315,0,openregio_immobiliGestione.csv,https://github.com/aborruso/firstaction/commit/2ba79d1290f4346461ef039f31d7c16446ab6e8c
2ba79d1290f4346461ef039f31d7c16446ab6e8c,automatico <actions@users.noreply.github.com>,2020-06-21 14:03:29 +0000,Data-e-ora-aggiornamento-2020-06-21T14-03-28-00-00,4111,0,openregio_procedureGestione.csv,https://github.com/aborruso/firstaction/commit/2ba79d1290f4346461ef039f31d7c16446ab6e8c
